0;0;0;0;land;false;unknown;0
1;187;239;95;land;false;plains;1
2;216;246;168;land;true;plains;1
3;185;149;202;land;false;plains;1
4;196;115;252;land;false;plains;1
5;213;183;155;land;false;plains;1
6;91;236;194;land;false;plains;1
7;214;153;143;land;false;plains;1
8;210;198;243;land;true;plains;1
9;89;242;171;land;false;plains;1
10;214;241;112;land;true;plains;1
11;97;231;199;land;false;plains;1
12;246;77;244;land;false;plains;1
13;249;181;153;land;false;plains;1
14;128;248;172;land;false;plains;1
15;250;62;200;land;true;plains;1
16;245;100;235;land;false;plains;1
17;179;145;204;land;false;plains;1
18;239;253;159;land;false;plains;1
19;172;252;194;land;true;plains;1
20;211;185;181;land;false;plains;1
21;166;155;180;land;false;plains;1
22;208;205;156;land;false;plains;1
23;201;208;231;land;false;plains;1
24;246;178;95;land;false;plains;1
25;235;100;228;land;true;plains;1
26;208;222;132;land;false;plains;1
27;69;246;187;land;true;plains;1
28;248;56;223;land;false;plains;1
29;85;241;204;land;true;plains;1
30;206;63;239;land;true;plains;1
31;215;239;134;land;false;plains;1
32;222;247;122;land;false;plains;1
33;125;194;245;land;false;plains;1
34;138;142;224;land;false;plains;1
35;228;119;233;land;true;plains;1
36;201;128;185;land;false;plains;1
37;226;232;250;land;false;plains;1
38;90;226;252;land;false;plains;1
39;183;153;251;land;false;plains;1
40;231;148;159;land;false;plains;1
41;80;185;251;land;false;plains;1
42;246;184;213;land;false;plains;1
43;165;201;254;land;false;plains;1
44;220;235;196;land;false;plains;1
45;235;193;198;land;true;plains;1
46;96;245;171;land;false;plains;1
47;253;159;214;land;false;plains;1
48;186;199;239;land;false;plains;1
49;173;248;96;land;false;plains;1
50;138;144;247;land;false;plains;1
51;230;235;102;land;false;plains;1
52;204;178;226;land;false;plains;1
53;222;174;109;land;true;plains;1
54;244;186;247;land;false;plains;1
55;161;239;193;land;false;plains;1
56;176;178;212;land;false;plains;1
57;122;228;213;land;false;plains;1
58;192;195;137;land;false;plains;1
59;217;107;188;land;false;plains;1
60;88;216;249;land;false;plains;1
61;169;175;190;land;false;plains;1
62;166;155;207;land;false;plains;1
63;174;147;180;land;false;plains;1
64;156;226;123;land;false;plains;1
65;190;128;196;land;false;plains;1
66;210;226;108;land;false;plains;1
67;217;241;93;land;false;plains;1
68;240;42;236;land;false;plains;1
69;238;211;91;land;false;plains;1
70;215;172;176;land;false;plains;1
71;94;213;210;land;false;plains;1
72;248;227;157;land;false;plains;1
73;161;207;149;land;true;plains;1
74;197;164;140;land;false;plains;1
75;122;165;234;land;false;plains;1
76;163;197;190;land;false;plains;1
77;227;184;236;land;false;plains;1
78;197;203;223;land;false;plains;1
79;246;198;58;land;false;plains;1
80;231;247;237;land;false;plains;1
81;220;203;200;land;false;plains;1
82;177;157;243;land;false;plains;1
83;208;89;252;land;false;plains;1
84;216;158;165;land;true;plains;1
85;248;230;82;land;false;plains;1
86;118;194;241;land;false;plains;1
87;250;81;240;land;false;plains;1
88;166;232;192;land;false;plains;1
89;105;229;204;land;true;plains;1
90;190;201;140;land;false;plains;1
91;123;217;249;land;true;plains;1
92;236;155;148;land;true;plains;1
93;250;226;123;land;true;plains;1
94;204;232;125;land;false;plains;1
95;248;233;226;land;false;plains;1
96;173;179;190;land;false;plains;1
97;162;250;159;land;false;plains;1
98;228;161;195;land;false;plains;1
99;188;245;162;land;false;plains;1
100;248;221;53;land;true;plains;1
101;223;224;57;land;false;plains;1
102;247;226;62;land;true;plains;1
103;174;210;171;land;false;plains;1
104;246;84;243;land;false;plains;1
105;219;140;241;land;false;plains;1
106;211;207;204;land;false;plains;1
107;205;145;213;land;false;plains;1
108;185;142;243;land;false;plains;1
109;250;216;106;land;false;plains;1
110;188;242;103;land;false;plains;1
111;191;119;233;land;false;plains;1
112;252;106;173;land;false;plains;1
113;160;211;179;land;false;plains;1
114;248;184;125;land;false;plains;1
115;211;85;225;land;true;plains;1
116;144;221;235;land;false;plains;1
117;236;233;141;land;false;plains;1
118;247;165;187;land;false;plains;1
119;219;190;192;land;false;plains;1
120;248;185;232;land;true;plains;1
121;168;155;232;land;true;plains;1
122;181;111;235;land;true;plains;1
123;253;58;246;land;false;plains;1
124;120;197;227;land;false;plains;1
125;106;229;186;land;false;plains;1
126;244;241;151;land;false;plains;1
127;135;238;237;land;false;plains;1
128;207;192;163;land;false;plains;1
129;60;250;227;land;true;plains;1
130;214;99;236;land;false;plains;1
131;196;173;163;land;false;plains;1
132;91;227;251;land;false;plains;1
133;154;251;164;land;false;plains;1
134;238;175;113;land;false;plains;1
135;121;248;249;land;false;plains;1
136;163;189;183;land;false;plains;1
137;217;232;116;land;false;plains;1
138;226;124;225;land;true;plains;1
139;225;110;221;land;false;plains;1
140;234;121;146;land;true;plains;1
141;149;180;236;land;false;plains;1
142;198;244;209;land;false;plains;1
143;207;173;213;land;true;plains;1
144;185;224;153;land;true;plains;1
145;176;182;191;land;false;plains;1
146;223;90;219;land;true;plains;1
147;233;175;106;land;false;plains;1
148;179;176;219;land;false;plains;1
149;157;161;215;land;false;plains;1
150;184;196;150;land;false;plains;1
151;179;199;163;land;false;plains;1
152;126;253;247;land;false;plains;1
153;237;249;59;land;false;plains;1
154;219;238;188;land;false;plains;1
155;169;218;137;land;true;plains;1
156;182;201;129;land;true;plains;1
157;249;234;229;land;false;plains;1
158;91;244;191;land;false;plains;1
159;223;54;246;land;false;plains;1
160;230;175;105;land;false;plains;1
161;206;215;160;land;true;plains;1
162;236;250;108;land;true;plains;1
163;194;174;161;land;false;plains;1
164;205;206;185;land;false;plains;1
165;192;197;209;land;true;plains;1
166;248;194;190;land;false;plains;1
167;220;166;157;land;false;plains;1
168;148;215;142;land;true;plains;1
169;154;219;140;land;false;plains;1
170;240;165;109;land;false;plains;1
171;250;206;125;land;false;plains;1
172;136;230;250;land;false;plains;1
173;106;247;238;land;false;plains;1
174;31;247;240;land;false;plains;1
175;74;196;242;land;false;plains;1
176;154;150;251;land;false;plains;1
177;217;185;173;land;false;plains;1
178;233;254;37;land;false;plains;1
179;164;202;199;land;false;plains;1
180;155;218;242;land;false;plains;1
181;98;197;241;land;false;plains;1
182;233;181;135;land;false;plains;1
183;240;72;231;land;false;plains;1
184;216;233;190;land;false;plains;1
185;199;123;224;land;false;plains;1
186;163;117;229;land;false;plains;1
187;91;210;220;land;true;plains;1
188;184;244;89;land;false;plains;1
189;243;184;74;land;false;plains;1
190;249;237;71;land;false;plains;1
191;231;234;67;land;false;plains;1
192;134;248;135;land;false;plains;1
193;115;236;151;land;false;plains;1
194;247;153;121;land;false;plains;1
195;235;101;182;land;false;plains;1
196;127;235;230;land;false;plains;1
197;229;233;180;land;false;plains;1
198;233;154;155;land;false;plains;1
199;152;207;230;land;false;plains;1
200;217;75;245;land;false;plains;1
201;251;96;161;land;true;plains;1
202;244;162;117;land;true;plains;1
203;241;122;243;land;true;plains;1
204;244;247;87;land;false;plains;1
205;234;166;225;land;false;plains;1
206;210;222;153;land;true;plains;1
207;183;196;213;land;false;plains;1
208;218;164;162;land;false;plains;1
209;165;225;245;land;false;plains;1
210;182;206;179;land;false;plains;1
211;204;211;177;land;false;plains;1
212;156;227;181;land;false;plains;1
213;207;62;249;land;true;plains;1
214;174;151;194;land;false;plains;1
215;226;181;235;land;false;plains;1
216;254;222;208;land;true;plains;1
217;201;188;140;land;true;plains;1
218;245;229;124;land;false;plains;1
219;199;161;147;land;true;plains;1
220;44;238;239;land;true;plains;1
221;198;85;234;land;false;plains;1
222;253;147;103;land;true;plains;1
223;237;41;231;land;true;plains;1
224;103;186;213;land;false;plains;1
225;187;224;197;land;true;plains;1
226;145;150;232;land;false;plains;1
227;49;246;214;land;false;plains;1
228;67;243;208;land;false;plains;1
229;182;168;239;land;false;plains;1
230;243;242;91;land;false;plains;1
231;71;254;243;land;false;plains;1
232;180;226;157;land;false;plains;1
233;141;239;229;land;false;plains;1
234;197;191;220;land;true;plains;1
235;115;225;226;land;false;plains;1
236;223;184;153;land;false;plains;1
237;197;147;165;land;true;plains;1
238;131;246;194;land;false;plains;1
239;240;191;201;land;false;plains;1
240;118;250;244;land;false;plains;1
241;145;182;211;land;false;plains;1
242;183;219;161;land;true;plains;1
243;68;254;252;land;false;plains;1
244;242;163;174;land;false;plains;1
245;240;236;31;land;false;plains;1
246;231;116;250;land;false;plains;1
247;201;122;237;land;false;plains;1
248;170;157;234;land;true;plains;1
249;95;233;197;land;true;plains;1
250;234;146;228;land;false;plains;1
251;254;240;100;land;true;plains;1
252;231;180;183;land;false;plains;1
253;179;192;139;land;false;plains;1
254;236;237;207;land;false;plains;1
255;159;239;118;land;true;plains;1
256;157;246;129;land;false;plains;1
257;195;164;219;land;false;plains;1
258;248;254;193;land;false;plains;1
259;177;175;185;land;false;plains;1
260;191;129;233;land;false;plains;1
261;187;253;246;land;false;plains;1
262;231;58;240;land;false;plains;1
263;114;188;222;land;false;plains;1
264;251;236;118;land;false;plains;1
265;74;245;182;land;false;plains;1
266;246;138;190;land;false;plains;1
267;136;230;222;land;false;plains;1
268;191;246;200;land;true;plains;1
269;230;210;97;land;false;plains;1
270;227;203;111;land;false;plains;1
271;205;219;160;land;false;plains;1
272;206;204;244;land;false;plains;1
273;244;163;247;land;false;plains;1
274;221;158;183;land;false;plains;1
275;236;170;243;land;false;plains;1
276;184;247;206;land;false;plains;1
277;253;215;63;land;false;plains;1
278;214;228;141;land;false;plains;1
279;62;253;242;land;false;plains;1
280;144;169;202;land;false;plains;1
281;103;252;253;land;false;plains;1
282;138;201;236;land;true;plains;1
283;115;191;231;land;false;plains;1
284;178;213;128;land;false;plains;1
285;200;226;113;land;false;plains;1
286;212;65;243;land;false;plains;1
287;216;101;191;land;false;plains;1
288;251;221;29;land;false;plains;1
289;173;177;253;land;false;plains;1
290;139;217;150;land;false;plains;1
291;146;214;216;land;false;plains;1
292;238;123;191;land;false;plains;1
293;223;235;238;land;false;plains;1
294;248;230;28;land;false;plains;1
295;71;244;211;land;false;plains;1
296;185;206;223;land;false;plains;1
297;227;160;121;land;false;plains;1
298;219;201;160;land;false;plains;1
299;185;205;236;land;false;plains;1
300;219;114;242;land;false;plains;1
301;205;165;252;land;false;plains;1
302;187;228;129;land;false;plains;1
303;240;240;214;land;false;plains;1
304;157;221;127;land;false;plains;1
305;205;147;249;land;false;plains;1
306;127;236;154;land;false;plains;1
307;232;161;244;land;false;plains;1
308;127;145;229;land;false;plains;1
309;248;150;221;land;false;plains;1
310;154;246;166;land;false;plains;1
311;190;158;173;land;false;plains;1
312;246;245;28;land;false;plains;1
313;248;147;200;land;true;plains;1
314;198;245;92;land;true;plains;1
315;82;196;247;land;true;plains;1
316;70;218;225;land;false;plains;1
317;236;209;129;land;false;plains;1
318;185;74;247;land;false;plains;1
319;214;199;103;land;false;plains;1
320;243;185;111;land;false;plains;1
321;233;129;153;land;false;plains;1
322;111;252;234;land;false;plains;1
323;114;243;248;land;false;plains;1
324;235;55;214;land;true;plains;1
325;230;254;210;land;false;plains;1
326;135;236;254;land;false;plains;1
327;126;242;136;land;true;plains;1
328;156;150;244;land;false;plains;1
329;85;246;228;land;true;plains;1
330;76;233;212;land;false;plains;1
331;185;198;198;land;false;plains;1
332;229;200;171;land;false;plains;1
333;196;233;170;land;false;plains;1
334;162;249;152;land;false;plains;1
335;119;208;209;land;false;plains;1
336;222;115;180;land;false;plains;1
337;200;94;244;land;false;plains;1
338;195;210;239;land;false;plains;1
339;231;53;252;land;false;plains;1
340;248;192;99;land;true;plains;1
341;110;229;244;land;false;plains;1
342;139;198;183;land;false;plains;1
343;113;207;205;land;false;plains;1
344;242;116;243;land;false;plains;1
345;84;251;201;land;false;plains;1
346;96;173;246;land;false;plains;1
347;245;149;182;land;false;plains;1
348;253;123;207;land;true;plains;1
349;203;254;46;land;false;plains;1
350;144;185;175;land;false;plains;1
351;237;160;105;land;false;plains;1
352;221;43;247;land;true;plains;1
353;253;252;18;land;false;plains;1
354;170;194;165;land;false;plains;1
355;209;247;106;land;false;plains;1
356;96;211;247;land;false;plains;1
357;243;143;152;land;false;plains;1
358;244;206;208;land;true;plains;1
359;224;231;122;land;false;plains;1
360;94;241;240;land;false;plains;1
361;176;207;210;land;false;plains;1
362;223;135;229;land;false;plains;1
363;248;226;186;land;false;plains;1
364;215;163;192;land;false;plains;1
365;216;151;209;land;false;plains;1
366;223;97;236;land;false;plains;1
367;232;157;204;land;true;plains;1
368;209;171;208;land;false;plains;1
369;243;176;151;land;false;plains;1
370;253;46;210;land;true;plains;1
371;248;205;66;land;false;plains;1
372;167;243;149;land;false;plains;1
373;152;225;182;land;false;plains;1
374;112;147;243;land;false;plains;1
375;174;251;96;land;false;plains;1
376;220;99;230;land;false;plains;1
377;120;182;241;land;false;plains;1
378;185;161;218;land;false;plains;1
379;235;172;123;land;false;plains;1
380;252;166;173;land;false;plains;1
381;110;236;237;land;false;plains;1
382;151;211;155;land;true;plains;1
383;112;236;192;land;true;plains;1
384;173;164;236;land;false;plains;1
385;89;202;234;land;true;plains;1
386;175;234;175;land;false;plains;1
387;238;200;216;land;true;plains;1
388;153;174;215;land;false;plains;1
389;239;125;233;land;false;plains;1
390;182;242;215;land;false;plains;1
391;187;182;227;land;false;plains;1
392;71;222;219;land;false;plains;1
393;164;236;236;land;false;plains;1
394;128;196;226;land;false;plains;1
395;100;168;247;land;false;plains;1
396;207;171;175;land;false;plains;1
397;193;136;185;land;false;plains;1
398;181;115;229;land;false;plains;1
399;172;198;170;land;false;plains;1
400;207;249;150;land;false;plains;1
401;248;202;142;land;false;plains;1
402;181;164;177;land;false;plains;1
403;254;248;223;land;false;plains;1
404;223;184;174;land;false;plains;1
405;163;200;176;land;false;plains;1
406;212;242;150;land;false;plains;1
407;147;137;226;land;false;plains;1
408;131;225;223;land;false;plains;1
409;235;140;133;land;false;plains;1
410;237;47;233;land;false;plains;1
411;55;209;253;land;false;plains;1
412;247;195;237;land;false;plains;1
413;133;178;196;land;false;plains;1
414;213;179;138;land;false;plains;1
415;218;179;177;land;false;plains;1
416;212;220;71;land;false;plains;1
417;134;205;209;land;true;plains;1
418;229;172;238;land;false;plains;1
419;229;250;158;land;false;plains;1
420;167;225;116;land;false;plains;1
421;205;145;220;land;false;plains;1
422;221;162;195;land;false;plains;1
423;70;249;208;land;false;plains;1
424;209;72;232;land;false;plains;1
425;251;153;124;land;true;plains;1
426;151;220;209;land;false;plains;1
427;208;181;113;land;false;plains;1
428;163;216;237;land;false;plains;1
429;252;194;65;land;false;plains;1
430;211;78;246;land;false;plains;1
431;204;158;169;land;false;plains;1
432;163;144;242;land;false;plains;1
433;212;157;155;land;false;plains;1
434;252;156;194;land;false;plains;1
435;165;215;238;land;false;plains;1
436;204;175;254;land;false;plains;1
437;195;161;150;land;false;plains;1
438;239;190;246;land;false;plains;1
439;145;220;201;land;false;plains;1
440;241;102;203;land;false;plains;1
441;248;136;135;land;true;plains;1
442;249;202;189;land;false;plains;1
443;210;218;209;land;false;plains;1
444;181;185;173;land;false;plains;1
445;84;217;243;land;false;plains;1
446;189;130;237;land;false;plains;1
447;253;109;150;land;false;plains;1
448;229;48;226;land;true;plains;1
449;207;175;247;land;false;plains;1
450;152;203;233;land;true;plains;1
451;226;111;167;land;false;plains;1
452;245;106;212;land;false;plains;1
453;134;222;202;land;false;plains;1
454;93;246;198;land;false;plains;1
455;244;138;178;land;false;plains;1
456;229;233;145;land;true;plains;1
457;143;210;229;land;false;plains;1
458;176;198;246;land;true;plains;1
459;186;127;246;land;false;plains;1
460;233;224;132;land;false;plains;1
461;233;250;84;land;true;plains;1
462;156;254;162;land;true;plains;1
463;208;241;118;land;true;plains;1
464;155;193;239;land;false;plains;1
465;249;246;237;land;false;plains;1
466;95;227;240;land;false;plains;1
467;254;244;8;land;false;plains;1
468;172;215;150;land;false;plains;1
469;236;225;242;land;false;plains;1
470;203;196;232;land;false;plains;1
471;233;128;177;land;true;plains;1
472;127;247;173;land;false;plains;1
473;70;222;241;land;false;plains;1
474;247;239;233;land;false;plains;1
475;84;196;238;land;false;plains;1
476;238;195;219;land;true;plains;1
477;164;173;226;land;true;plains;1
478;142;254;211;land;false;plains;1
479;99;225;225;land;false;plains;1
480;183;202;235;land;false;plains;1
481;241;199;126;land;true;plains;1
482;231;150;195;land;false;plains;1
483;254;241;28;land;false;plains;1
484;235;216;196;land;false;plains;1
485;108;197;247;land;true;plains;1
486;200;142;243;land;false;plains;1
487;196;151;171;land;false;plains;1
488;230;194;112;land;false;plains;1
489;113;241;156;land;false;plains;1
490;179;85;240;land;false;plains;1
491;176;198;171;land;false;plains;1
492;166;217;138;land;false;plains;1
493;228;49;250;land;false;plains;1
494;238;179;91;land;false;plains;1
495;110;182;247;land;false;plains;1
496;183;177;241;land;false;plains;1
497;77;219;225;land;true;plains;1
498;161;174;248;land;false;plains;1
499;238;130;157;land;false;plains;1
500;204;174;157;land;false;plains;1
501;252;162;110;land;false;plains;1
502;112;229;166;land;true;plains;1
503;245;191;213;land;false;plains;1
504;151;135;232;land;false;plains;1
505;161;220;167;land;false;plains;1
506;202;205;218;land;false;plains;1
507;136;155;218;land;true;plains;1
508;196;168;205;land;false;plains;1
509;222;174;192;land;false;plains;1
510;142;243;179;land;false;plains;1
511;204;133;176;land;false;plains;1
512;114;170;227;land;false;plains;1
513;249;109;146;land;true;plains;1
514;215;228;82;land;true;plains;1
515;168;172;181;land;false;plains;1
516;136;247;172;land;false;plains;1
517;102;242;181;land;false;plains;1
518;247;149;244;land;false;plains;1
519;152;251;209;land;false;plains;1
520;208;168;125;land;false;plains;1
521;146;233;231;land;false;plains;1
522;252;141;145;land;true;plains;1
523;237;155;160;land;false;plains;1
524;202;243;151;land;false;plains;1
525;233;176;139;land;false;plains;1
526;153;176;209;land;false;plains;1
527;213;238;67;land;false;plains;1
528;153;223;134;land;true;plains;1
529;152;208;206;land;false;plains;1
530;66;219;216;land;false;plains;1
531;235;241;97;land;true;plains;1
532;114;228;247;land;false;plains;1
533;142;116;251;land;false;plains;1
534;96;246;236;land;false;plains;1
535;211;153;242;land;false;plains;1
536;239;251;155;land;false;plains;1
537;242;104;240;land;false;plains;1
538;233;89;246;land;false;plains;1
539;228;241;187;land;false;plains;1
540;202;81;223;land;true;plains;1
541;177;193;164;land;false;plains;1
542;166;207;155;land;true;plains;1
543;108;252;173;land;false;plains;1
544;170;178;190;land;false;plains;1
545;217;158;189;land;false;plains;1
546;138;217;232;land;false;plains;1
547;65;195;242;land;false;plains;1
548;161;224;137;land;false;plains;1
549;197;249;230;land;false;plains;1
550;192;248;227;land;false;plains;1
551;227;201;81;land;false;plains;1
552;141;182;187;land;false;plains;1
553;108;178;236;land;false;plains;1
554;187;169;248;land;false;plains;1
555;165;183;234;land;false;plains;1
556;252;233;247;land;false;plains;1
557;98;247;199;land;false;plains;1
558;106;236;171;land;false;plains;1
559;210;130;209;land;false;plains;1
560;176;243;140;land;false;plains;1
561;217;160;220;land;false;plains;1
562;51;247;247;land;false;plains;1
563;107;160;243;land;false;plains;1
564;215;205;254;land;false;plains;1
565;157;181;219;land;false;plains;1
566;240;233;235;land;false;plains;1
567;246;90;245;land;true;plains;1
568;165;172;237;land;true;plains;1
569;208;117;184;land;false;plains;1
570;179;237;96;land;false;plains;1
571;229;87;195;land;true;plains;1
572;189;254;77;land;false;plains;1
573;222;229;191;land;false;plains;1
574;195;244;182;land;true;plains;1
575;88;241;194;land;false;plains;1
576;244;243;229;land;false;plains;1
577;169;174;222;land;false;plains;1
578;172;250;80;land;true;plains;1
579;146;193;227;land;false;plains;1
580;104;249;197;land;false;plains;1
581;223;218;67;land;true;plains;1
582;138;211;206;land;false;plains;1
583;138;240;254;land;true;plains;1
584;207;133;247;land;false;plains;1
585;216;212;120;land;false;plains;1
586;253;247;102;land;false;plains;1
587;222;175;138;land;false;plains;1
588;200;139;222;land;false;plains;1
589;239;59;251;land;true;plains;1
590;158;173;254;land;false;plains;1
591;134;131;237;land;false;plains;1
592;159;240;245;land;false;plains;1
593;132;251;149;land;false;plains;1
594;114;236;217;land;false;plains;1
595;234;224;212;land;false;plains;1
596;186;222;168;land;false;plains;1
597;228;71;251;land;false;plains;1
598;138;226;213;land;false;plains;1
599;230;216;65;land;false;plains;1
600;175;124;209;land;true;plains;1
601;102;213;221;land;true;plains;1
602;223;141;208;land;true;plains;1
603;219;200;132;land;false;plains;1
604;130;233;193;land;false;plains;1
605;245;129;203;land;false;plains;1
606;102;243;194;land;false;plains;1
607;205;224;116;land;false;plains;1
608;244;184;228;land;true;plains;1
609;34;222;254;land;false;plains;1
610;188;179;160;land;false;plains;1
611;75;247;228;land;false;plains;1
612;243;143;146;land;false;plains;1
613;221;118;164;land;false;plains;1
614;254;171;243;land;false;plains;1
615;194;179;222;land;false;plains;1
616;198;245;133;land;false;plains;1
617;249;238;145;land;false;plains;1
618;245;231;246;land;false;plains;1
619;183;115;223;land;false;plains;1
620;184;219;198;land;false;plains;1
621;171;166;215;land;false;plains;1
622;203;215;111;land;false;plains;1
623;192;193;216;land;false;plains;1
624;156;139;227;land;false;plains;1
625;194;230;237;land;false;plains;1
626;208;176;194;land;false;plains;1
627;120;182;199;land;false;plains;1
628;114;206;182;land;false;plains;1
629;167;222;243;land;false;plains;1
630;178;241;146;land;true;plains;1
631;248;125;173;land;false;plains;1
632;143;196;167;land;false;plains;1
633;251;244;129;land;false;plains;1
634;203;216;195;land;true;plains;1
635;97;219;221;land;false;plains;1
636;223;161;234;land;true;plains;1
637;192;195;192;land;false;plains;1
638;243;229;46;land;false;plains;1
639;214;159;183;land;false;plains;1
640;131;207;194;land;false;plains;1
641;81;246;180;land;true;plains;1
642;221;231;49;land;false;plains;1
643;237;247;169;land;true;plains;1
644;189;210;227;land;false;plains;1
645;230;215;231;land;false;plains;1
646;192;180;137;land;false;plains;1
647;106;238;212;land;false;plains;1
648;141;177;230;land;true;plains;1
649;149;240;113;land;true;plains;1
650;254;226;87;land;false;plains;1
651;179;209;251;land;false;plains;1
652;178;242;240;land;false;plains;1
653;223;123;235;land;false;plains;1
654;149;242;207;land;false;plains;1
655;222;254;26;land;false;plains;1
656;166;138;219;land;false;plains;1
657;202;160;185;land;false;plains;1
658;202;160;155;land;false;plains;1
659;245;251;169;land;false;plains;1
660;210;254;126;land;true;plains;1
661;32;233;242;land;false;plains;1
662;59;227;235;land;false;plains;1
663;176;225;230;land;false;plains;1
664;156;141;238;land;false;plains;1
665;176;246;243;land;false;plains;1
666;254;211;125;land;false;plains;1
667;196;219;244;land;false;plains;1
668;206;254;96;land;false;plains;1
669;232;225;157;land;false;plains;1
670;177;227;230;land;false;plains;1
671;176;152;187;land;false;plains;1
672;108;183;231;land;false;plains;1
673;188;144;218;land;false;plains;1
674;222;215;173;land;false;plains;1
675;243;170;94;land;false;plains;1
676;188;168;219;land;false;plains;1
677;219;216;155;land;false;plains;1
678;150;194;234;land;true;plains;1
679;170;234;174;land;true;plains;1
680;229;218;160;land;false;plains;1
681;251;200;118;land;false;plains;1
682;234;247;47;land;true;plains;1
683;231;196;123;land;false;plains;1
684;134;154;246;land;true;plains;1
685;165;250;189;land;true;plains;1
686;190;208;233;land;false;plains;1
687;254;131;244;land;false;plains;1
688;227;146;181;land;false;plains;1
689;232;209;149;land;false;plains;1
690;206;164;147;land;false;plains;1
691;222;220;141;land;false;plains;1
692;42;243;222;land;false;plains;1
693;137;196;228;land;false;plains;1
694;202;186;137;land;false;plains;1
695;233;171;254;land;false;plains;1
696;241;97;251;land;false;plains;1
697;195;137;217;land;false;plains;1
698;229;186;243;land;false;plains;1
699;206;227;240;land;false;plains;1
700;167;128;226;land;false;plains;1
701;138;173;246;land;false;plains;1
702;145;176;210;land;false;plains;1
703;238;150;192;land;false;plains;1
704;213;143;200;land;true;plains;1
705;79;252;226;land;false;plains;1
706;145;249;145;land;false;plains;1
707;230;235;116;land;false;plains;1
708;190;177;237;land;false;plains;1
709;96;238;193;land;false;plains;1
710;253;172;144;land;false;plains;1
711;190;204;111;land;false;plains;1
712;155;203;187;land;true;plains;1
713;186;199;121;land;false;plains;1
714;244;132;190;land;false;plains;1
715;83;235;192;land;false;plains;1
716;244;186;184;land;true;plains;1
717;185;237;215;land;true;plains;1
718;173;209;121;land;false;plains;1
719;135;191;175;land;false;plains;1
720;181;123;207;land;false;plains;1
721;156;179;196;land;false;plains;1
722;220;225;166;land;false;plains;1
723;172;195;139;land;false;plains;1
724;238;122;181;land;false;plains;1
725;248;206;183;land;true;plains;1
726;194;252;195;land;false;plains;1
727;192;150;220;land;true;plains;1
728;125;208;222;land;true;plains;1
729;171;181;244;land;true;plains;1
730;47;253;205;land;true;plains;1
731;226;191;167;land;false;plains;1
732;232;246;58;land;true;plains;1
733;241;240;68;land;true;plains;1
734;146;238;170;land;false;plains;1
735;149;236;127;land;false;plains;1
736;231;132;189;land;false;plains;1
737;196;171;251;land;false;plains;1
738;225;240;200;land;false;plains;1
739;208;115;202;land;false;plains;1
740;186;118;204;land;false;plains;1
741;191;193;219;land;false;plains;1
742;154;177;176;land;false;plains;1
743;209;193;209;land;false;plains;1
744;219;119;245;land;true;plains;1
745;254;174;227;land;false;plains;1
746;208;220;86;land;false;plains;1
747;29;236;243;land;false;plains;1
748;157;251;118;land;true;plains;1
749;103;213;217;land;true;plains;1
750;175;172;215;land;false;plains;1
751;211;154;173;land;false;plains;1
752;215;93;231;land;false;plains;1
753;165;230;247;land;true;plains;1
754;245;132;172;land;false;plains;1
755;163;183;158;land;true;plains;1
756;215;181;179;land;false;plains;1
757;234;126;155;land;true;plains;1
758;234;244;244;land;false;plains;1
759;252;196;153;land;false;plains;1
760;232;203;156;land;false;plains;1
761;224;163;177;land;true;plains;1
762;194;217;137;land;false;plains;1
763;114;195;243;land;true;plains;1
764;185;191;188;land;true;plains;1
765;236;198;113;land;true;plains;1
766;211;218;87;land;false;plains;1
767;233;186;175;land;false;plains;1
768;169;199;207;land;false;plains;1
769;101;254;251;land;false;plains;1
770;141;207;215;land;false;plains;1
771;49;227;232;land;false;plains;1
772;253;110;182;land;false;plains;1
773;209;243;88;land;false;plains;1
774;139;240;183;land;false;plains;1
775;196;204;214;land;false;plains;1
776;64;246;198;land;true;plains;1
777;237;116;220;land;false;plains;1
778;156;180;245;land;false;plains;1
779;246;165;244;land;false;plains;1
780;250;199;193;land;false;plains;1
781;225;194;249;land;true;plains;1
782;203;175;215;land;false;plains;1
783;163;157;210;land;false;plains;1
784;190;139;205;land;false;plains;1
785;212;214;133;land;false;plains;1
786;177;216;119;land;true;plains;1
787;175;97;234;land;false;plains;1
788;237;214;233;land;false;plains;1
789;225;102;190;land;true;plains;1
790;99;210;240;land;false;plains;1
791;249;139;222;land;false;plains;1
792;234;160;131;land;true;plains;1
793;245;208;86;land;false;plains;1
794;187;237;244;land;false;plains;1
795;222;131;202;land;false;plains;1
796;215;201;113;land;true;plains;1
797;236;217;194;land;false;plains;1
798;252;63;220;land;false;plains;1
799;254;73;186;land;false;plains;1
800;237;248;174;land;false;plains;1
801;152;206;199;land;false;plains;1
802;89;172;254;land;true;plains;1
803;195;202;223;land;false;plains;1
804;205;254;100;land;true;plains;1
805;92;200;229;land;false;plains;1
806;229;145;132;land;false;plains;1
807;208;169;209;land;false;plains;1
808;240;125;182;land;false;plains;1
809;147;241;150;land;false;plains;1
810;180;123;212;land;false;plains;1
811;239;219;252;land;false;plains;1
812;79;247;222;land;true;plains;1
813;231;218;176;land;false;plains;1
814;139;151;214;land;false;plains;1
815;182;133;202;land;false;plains;1
816;121;247;192;land;true;plains;1
817;207;122;194;land;false;plains;1
818;248;184;160;land;false;plains;1
819;221;205;140;land;false;plains;1
820;178;199;245;land;true;plains;1
821;201;184;253;land;false;plains;1
822;238;164;154;land;false;plains;1
823;231;246;104;land;false;plains;1
824;246;246;208;land;false;plains;1
825;183;240;194;land;true;plains;1
826;197;188;195;land;true;plains;1
827;189;104;217;land;false;plains;1
828;123;238;201;land;false;plains;1
829;207;119;242;land;false;plains;1
830;93;230;237;land;false;plains;1
831;128;167;213;land;false;plains;1
832;103;251;187;land;false;plains;1
833;203;240;87;land;true;plains;1
834;157;227;147;land;false;plains;1
835;93;203;226;land;true;plains;1
836;250;216;61;land;false;plains;1
837;219;166;135;land;false;plains;1
838;205;234;103;land;true;plains;1
839;252;207;129;land;false;plains;1
840;59;219;231;land;false;plains;1
841;215;216;240;land;false;plains;1
842;227;172;249;land;false;plains;1
843;168;247;177;land;false;plains;1
844;244;244;47;land;false;plains;1
845;206;253;61;land;false;plains;1
846;253;109;216;land;false;plains;1
847;105;245;182;land;false;plains;1
848;189;139;181;land;true;plains;1
849;191;211;184;land;false;plains;1
850;175;203;208;land;false;plains;1
851;112;200;228;land;false;plains;1
852;206;166;198;land;false;plains;1
853;35;252;244;land;false;plains;1
854;241;219;213;land;false;plains;1
855;234;224;179;land;false;plains;1
856;226;99;221;land;false;plains;1
857;216;175;110;land;true;plains;1
858;217;166;245;land;false;plains;1
859;235;60;222;land;false;plains;1
860;240;234;141;land;false;plains;1
861;239;107;159;land;false;plains;1
862;97;223;217;land;false;plains;1
863;124;184;195;land;false;plains;1
864;215;112;179;land;false;plains;1
865;227;131;150;land;false;plains;1
866;231;86;235;land;false;plains;1
867;232;108;167;land;false;plains;1
868;170;254;241;land;true;plains;1
869;246;254;72;land;true;plains;1
870;250;173;101;land;false;plains;1
871;227;245;126;land;false;plains;1
872;246;162;222;land;false;plains;1
873;223;188;91;land;false;plains;1
874;207;135;168;land;true;plains;1
875;219;251;88;land;false;plains;1
876;218;169;215;land;true;plains;1
877;251;246;200;land;false;plains;1
878;198;234;237;land;false;plains;1
879;184;201;208;land;false;plains;1
880;225;235;228;land;false;plains;1
881;185;87;230;land;false;plains;1
882;179;187;143;land;false;plains;1
883;211;244;90;land;false;plains;1
884;97;210;231;land;false;plains;1
885;236;233;187;land;false;plains;1
886;193;207;205;land;false;plains;1
887;243;223;110;land;false;plains;1
888;124;252;232;land;false;plains;1
889;138;216;175;land;false;plains;1
890;199;138;177;land;false;plains;1
891;150;151;234;land;false;plains;1
892;250;151;143;land;false;plains;1
893;243;148;242;land;false;plains;1
894;195;166;197;land;true;plains;1
895;151;152;253;land;true;plains;1
896;227;134;151;land;false;plains;1
897;124;252;238;land;true;plains;1
898;249;156;124;land;true;plains;1
899;232;213;197;land;false;plains;1
900;153;204;175;land;false;plains;1
901;112;250;240;land;true;plains;1
902;104;204;218;land;true;plains;1
903;225;121;226;land;true;plains;1
904;106;205;226;land;false;plains;1
905;227;191;187;land;true;plains;1
906;148;235;216;land;true;plains;1
907;158;182;233;land;false;plains;1
908;127;163;232;land;false;plains;1
909;249;242;129;land;false;plains;1
910;224;213;87;land;false;plains;1
911;82;222;198;land;false;plains;1
912;153;180;168;land;false;plains;1
913;87;173;248;land;false;plains;1
914;166;218;231;land;false;plains;1
915;119;247;179;land;false;plains;1
916;136;119;248;land;false;plains;1
917;99;203;215;land;true;plains;1
918;218;241;237;land;true;plains;1
919;180;126;205;land;false;plains;1
920;157;106;246;land;false;plains;1
921;171;167;205;land;false;plains;1
922;155;124;243;land;false;plains;1
923;241;124;234;land;true;plains;1
924;254;179;101;land;false;plains;1
925;146;194;188;land;true;plains;1
926;188;186;202;land;false;plains;1
927;212;153;168;land;true;plains;1
928;88;241;190;land;false;plains;1
929;207;159;200;land;false;plains;1
930;160;196;148;land;false;plains;1
931;132;246;141;land;false;plains;1
932;184;181;172;land;true;plains;1
933;44;219;241;land;false;plains;1
934;177;225;109;land;false;plains;1
935;239;241;103;land;false;plains;1
936;152;166;239;land;true;plains;1
937;238;227;234;land;true;plains;1
938;162;224;158;land;false;plains;1
939;223;227;161;land;true;plains;1
940;185;238;202;land;false;plains;1
941;160;235;158;land;false;plains;1
942;177;168;158;land;false;plains;1
943;253;58;251;land;false;plains;1
944;127;237;199;land;false;plains;1
945;207;117;222;land;false;plains;1
946;176;178;247;land;false;plains;1
947;159;210;229;land;false;plains;1
948;221;238;223;land;false;plains;1
949;244;225;165;land;false;plains;1
950;219;209;207;land;false;plains;1
951;245;219;218;land;false;plains;1
952;237;227;122;land;false;plains;1
953;233;224;117;land;false;plains;1
954;60;230;219;land;false;plains;1
955;194;201;189;land;false;plains;1
956;227;169;227;land;false;plains;1
957;233;237;249;land;false;plains;1
958;215;194;107;land;true;plains;1
959;166;244;157;land;false;plains;1
960;229;219;83;land;false;plains;1
961;238;64;214;land;true;plains;1
962;244;86;174;land;true;plains;1
963;114;206;184;land;false;plains;1
964;165;141;214;land;false;plains;1
965;142;161;249;land;false;plains;1
966;46;248;232;land;false;plains;1
967;30;246;238;land;false;plains;1
968;158;140;246;land;false;plains;1
969;166;205;163;land;false;plains;1
970;247;176;169;land;false;plains;1
971;239;246;180;land;false;plains;1
972;133;196;189;land;false;plains;1
973;228;93;228;land;false;plains;1
974;217;122;249;land;false;plains;1
975;174;132;217;land;false;plains;1
976;211;76;226;land;true;plains;1
977;236;234;245;land;false;plains;1
978;191;166;215;land;true;plains;1
979;242;208;194;land;false;plains;1
980;219;129;239;land;false;plains;1
981;254;161;208;land;false;plains;1
982;156;248;204;land;true;plains;1
983;115;200;221;land;false;plains;1
984;253;200;175;land;false;plains;1
985;178;198;194;land;false;plains;1
986;226;162;210;land;false;plains;1
987;197;253;149;land;true;plains;1
988;94;182;228;land;false;plains;1
989;240;226;159;land;false;plains;1
990;65;191;246;land;false;plains;1
991;178;193;236;land;false;plains;1
992;188;184;152;land;true;plains;1
993;89;249;213;land;false;plains;1
994;198;187;142;land;false;plains;1
995;249;185;250;land;false;plains;1
996;197;182;136;land;true;plains;1
997;112;163;250;land;false;plains;1
998;128;173;222;land;false;plains;1
999;226;170;230;land;false;plains;1
1000;93;230;185;land;false;plains;1
1001;191;185;147;land;true;plains;1
1002;231;98;189;land;false;plains;1
1003;163;143;206;land;false;plains;1
1004;232;221;147;land;true;plains;1
1005;226;239;225;land;true;plains;1
1006;63;230;232;land;true;plains;1
1007;254;245;51;land;false;plains;1
1008;248;183;227;land;false;plains;1
1009;170;224;230;land;false;plains;1
1010;148;230;246;land;true;plains;1
1011;221;225;64;land;false;plains;1
1012;175;91;236;land;true;plains;1
1013;157;212;171;land;false;plains;1
1014;172;161;185;land;true;plains;1
1015;211;113;222;land;true;plains;1
1016;238;219;181;land;false;plains;1
1017;252;170;228;land;false;plains;1
1018;232;100;189;land;false;plains;1
1019;182;180;232;land;false;plains;1
1020;252;226;185;land;true;plains;1
1021;40;253;213;land;false;plains;1
1022;197;113;192;land;false;plains;1
1023;89;247;172;land;true;plains;1
1024;130;235;196;land;false;plains;1
1025;200;229;217;land;false;plains;1
1026;218;148;185;land;false;plains;1
1027;249;166;87;land;true;plains;1
1028;179;164;238;land;false;plains;1
1029;164;212;133;land;false;plains;1
1030;254;219;246;land;true;plains;1
1031;181;92;238;land;true;plains;1
1032;172;231;184;land;false;plains;1
1033;177;160;238;land;true;plains;1
1034;232;240;130;land;false;plains;1
1035;203;62;248;land;true;plains;1
1036;247;204;194;land;true;plains;1
1037;126;224;234;land;false;plains;1
1038;245;152;181;land;false;plains;1
1039;244;112;231;land;false;plains;1
1040;200;189;196;land;false;plains;1
1041;230;122;150;land;false;plains;1
1042;107;166;228;land;false;plains;1
1043;246;238;225;land;false;plains;1
1044;251;216;133;land;true;plains;1
1045;214;244;177;land;false;plains;1
1046;239;254;139;land;false;plains;1
1047;81;172;252;land;false;plains;1
1048;214;238;177;land;false;plains;1
1049;223;111;195;land;false;plains;1
1050;64;201;245;land;false;plains;1
1051;182;91;240;land;false;plains;1
1052;186;140;231;land;false;plains;1
1053;204;245;81;land;false;plains;1
1054;248;173;129;land;false;plains;1
1055;226;193;132;land;true;plains;1
1056;200;136;219;land;true;plains;1
1057;164;166;177;land;true;plains;1
1058;237;194;198;land;false;plains;1
1059;113;191;247;land;false;plains;1
1060;215;96;204;land;false;plains;1
1061;217;54;246;land;true;plains;1
1062;229;69;231;land;true;plains;1
1063;196;247;78;land;true;plains;1
1064;237;236;133;land;false;plains;1
1065;154;227;189;land;true;plains;1
1066;208;207;145;land;true;plains;1
1067;203;244;249;land;false;plains;1
1068;192;247;112;land;false;plains;1
1069;118;198;235;land;true;plains;1
1070;207;211;205;land;false;plains;1
1071;242;246;209;land;false;plains;1
1072;232;187;245;land;false;plains;1
1073;130;130;242;land;false;plains;1
1074;254;179;250;land;false;plains;1
1075;221;232;116;land;false;plains;1
1076;156;170;228;land;false;plains;1
1077;205;246;132;land;false;plains;1
1078;108;191;254;land;false;plains;1
1079;93;194;243;land;false;plains;1
1080;236;138;148;land;false;plains;1
1081;206;236;200;land;true;plains;1
1082;232;144;229;land;true;plains;1
1083;249;42;238;land;false;plains;1
1084;191;233;222;land;false;plains;1
1085;230;156;224;land;false;plains;1
1086;77;220;212;land;true;plains;1
1087;248;138;224;land;false;plains;1
1088;5;245;253;land;false;plains;1
1089;149;122;237;land;false;plains;1
1090;178;158;246;land;false;plains;1
1091;177;145;225;land;false;plains;1
1092;118;245;227;land;false;plains;1
1093;206;237;241;land;false;plains;1
1094;209;210;225;land;false;plains;1
1095;163;192;229;land;false;plains;1
1096;167;145;204;land;false;plains;1
1097;180;145;195;land;false;plains;1
1098;176;117;253;land;false;plains;1
1099;104;240;179;land;true;plains;1
1100;162;251;245;land;false;plains;1
1101;241;109;246;land;false;plains;1
1102;238;57;226;land;false;plains;1
1103;82;230;194;land;true;plains;1
1104;201;208;155;land;true;plains;1
1105;187;223;102;land;false;plains;1
1106;194;248;102;land;false;plains;1
1107;231;158;231;land;true;plains;1
1108;245;172;91;land;false;plains;1
1109;200;129;174;land;false;plains;1
1110;149;164;215;land;false;plains;1
1111;20;252;246;land;false;plains;1
1112;87;173;254;land;false;plains;1
1113;121;207;208;land;false;plains;1
1114;241;244;103;land;false;plains;1
1115;243;177;82;land;false;plains;1
1116;237;198;89;land;false;plains;1
1117;218;89;228;land;false;plains;1
1118;115;203;199;land;true;plains;1
1119;137;178;209;land;false;plains;1
1120;233;180;222;land;false;plains;1
1121;181;232;188;land;false;plains;1
1122;246;178;186;land;false;plains;1
1123;211;211;85;land;false;plains;1
1124;212;246;145;land;false;plains;1
1125;239;152;194;land;true;plains;1
1126;135;247;163;land;false;plains;1
1127;213;171;227;land;true;plains;1
1128;169;212;205;land;false;plains;1
1129;229;45;238;land;false;plains;1
1130;215;109;225;land;false;plains;1
1131;68;239;254;land;false;plains;1
1132;231;190;177;land;false;plains;1
1133;138;233;179;land;false;plains;1
1134;92;245;225;land;false;plains;1
1135;162;201;217;land;false;plains;1
1136;228;182;254;land;false;plains;1
1137;196;118;235;land;false;plains;1
1138;207;225;188;land;true;plains;1
1139;160;137;251;land;true;plains;1
1140;238;134;194;land;true;plains;1
1141;192;248;229;land;false;plains;1
1142;173;251;118;land;false;plains;1
1143;247;241;131;land;false;plains;1
1144;198;239;140;land;false;plains;1
1145;154;224;253;land;true;plains;1
1146;226;237;158;land;false;plains;1
1147;180;136;205;land;true;plains;1
1148;169;208;230;land;false;plains;1
1149;85;225;194;land;false;plains;1
1150;81;252;176;land;false;plains;1
1151;219;148;171;land;false;plains;1
1152;249;80;196;land;false;plains;1
1153;197;165;224;land;false;plains;1
1154;233;222;220;land;true;plains;1
1155;223;153;228;land;true;plains;1
1156;218;245;155;land;false;plains;1
1157;93;245;198;land;false;plains;1
1158;224;177;161;land;false;plains;1
1159;223;163;202;land;false;plains;1
1160;99;186;224;land;false;plains;1
1161;187;247;164;land;false;plains;1
1162;247;163;91;land;true;plains;1
1163;120;200;207;land;true;plains;1
1164;199;215;245;land;false;plains;1
1165;98;164;250;land;true;plains;1
1166;252;219;180;land;false;plains;1
1167;233;254;48;land;false;plains;1
1168;176;210;247;land;false;plains;1
1169;252;110;254;land;false;plains;1
1170;121;233;247;land;false;plains;1
1171;134;215;209;land;false;plains;1
1172;226;192;191;land;true;plains;1
1173;236;249;177;land;false;plains;1
1174;231;174;189;land;false;plains;1
1175;98;175;250;land;true;plains;1
1176;214;234;66;land;false;plains;1
1177;252;227;108;land;true;plains;1
1178;182;147;218;land;true;plains;1
1179;225;200;107;land;false;plains;1
1180;129;212;193;land;false;plains;1
1181;202;60;243;land;false;plains;1
1182;89;221;207;land;true;plains;1
1183;215;91;230;land;false;plains;1
1184;252;213;170;land;false;plains;1
1185;187;196;228;land;false;plains;1
1186;123;192;211;land;false;plains;1
1187;121;239;150;land;false;plains;1
1188;200;233;151;land;false;plains;1
1189;192;203;187;land;false;plains;1
1190;161;216;136;land;false;plains;1
1191;225;72;223;land;true;plains;1
1192;232;248;236;land;false;plains;1
1193;72;242;230;land;false;plains;1
1194;215;236;122;land;false;plains;1
1195;169;235;121;land;false;plains;1
1196;247;219;99;land;false;plains;1
1197;195;147;247;land;false;plains;1
1198;128;228;179;land;false;plains;1
1199;61;242;242;land;true;plains;1
1200;240;206;225;land;false;plains;1
1201;188;126;238;land;false;plains;1
1202;244;235;154;land;false;plains;1
1203;203;63;236;land;true;plains;1
1204;51;221;231;land;false;plains;1
1205;66;231;208;land;true;plains;1
1206;173;247;223;land;true;plains;1
1207;219;221;111;land;true;plains;1
1208;247;210;154;land;true;plains;1
1209;246;183;172;land;true;plains;1
1210;90;234;213;land;false;plains;1
1211;179;185;175;land;true;plains;1
1212;117;223;228;land;false;plains;1
1213;167;196;145;land;false;plains;1
1214;232;152;158;land;true;plains;1
1215;245;132;204;land;true;plains;1
1216;245;139;118;land;false;plains;1
1217;247;168;108;land;false;plains;1
1218;113;244;193;land;false;plains;1
1219;225;131;224;land;false;plains;1
1220;137;174;191;land;true;plains;1
1221;196;207;149;land;false;plains;1
1222;164;112;253;land;false;plains;1
1223;128;200;180;land;true;plains;1
1224;129;166;217;land;false;plains;1
1225;249;253;103;land;false;plains;1
1226;206;125;241;land;true;plains;1
1227;221;205;142;land;false;plains;1
1228;211;216;121;land;false;plains;1
1229;160;188;188;land;false;plains;1
1230;68;212;234;land;false;plains;1
1231;219;104;221;land;true;plains;1
1232;159;132;230;land;false;plains;1
1233;202;150;251;land;true;plains;1
1234;246;239;75;land;false;plains;1
1235;207;248;138;land;true;plains;1
1236;166;249;106;land;false;plains;1
1237;134;228;164;land;false;plains;1
1238;153;220;179;land;false;plains;1
1239;94;223;253;land;true;plains;1
1240;179;132;227;land;false;plains;1
1241;221;219;151;land;true;plains;1
1242;250;139;204;land;false;plains;1
1243;194;252;207;land;true;plains;1
1244;209;99;195;land;false;plains;1
1245;174;78;254;land;false;plains;1
1246;237;86;192;land;true;plains;1
1247;199;239;171;land;false;plains;1
1248;235;252;160;land;false;plains;1
1249;211;60;249;land;true;plains;1
1250;42;208;253;land;false;plains;1
1251;203;184;203;land;true;plains;1
1252;249;95;233;land;true;plains;1
1253;105;173;237;land;true;plains;1
1254;252;235;216;land;false;plains;1
1255;221;242;148;land;true;plains;1
1256;239;201;187;land;false;plains;1
1257;121;222;199;land;false;plains;1
1258;104;239;191;land;false;plains;1
1259;227;50;234;land;true;plains;1
1260;167;217;216;land;false;plains;1
1261;226;251;231;land;false;plains;1
1262;240;77;250;land;false;plains;1
1263;109;151;244;land;false;plains;1
1264;123;161;236;land;true;plains;1
1265;158;225;176;land;false;plains;1
1266;232;238;198;land;false;plains;1
1267;183;113;224;land;false;plains;1
1268;241;252;160;land;false;plains;1
1269;168;245;92;land;false;plains;1
1270;149;116;241;land;false;plains;1
1271;250;240;41;land;false;plains;1
1272;200;238;228;land;false;plains;1
1273;177;225;102;land;true;plains;1
1274;204;128;204;land;false;plains;1
1275;220;126;174;land;false;plains;1
1276;218;157;216;land;false;plains;1
1277;69;215;235;land;false;plains;1
1278;240;235;199;land;false;plains;1
1279;211;101;224;land;false;plains;1
1280;51;225;249;land;true;plains;1
1281;238;230;80;land;false;plains;1
1282;192;244;167;land;false;plains;1
1283;239;129;151;land;false;plains;1
1284;239;253;148;land;false;plains;1
1285;87;253;228;land;true;plains;1
1286;248;199;223;land;false;plains;1
1287;241;215;80;land;false;plains;1
1288;240;118;147;land;true;plains;1
1289;100;216;247;land;true;plains;1
1290;168;246;210;land;false;plains;1
1291;229;62;223;land;true;plains;1
1292;235;116;230;land;true;plains;1
1293;228;100;244;land;false;plains;1
1294;122;196;192;land;false;plains;1
1295;178;229;140;land;true;plains;1
1296;71;250;202;land;false;plains;1
1297;68;239;253;land;false;plains;1
1298;240;228;81;land;true;plains;1
1299;200;248;72;land;false;plains;1
1300;209;58;234;land;true;plains;1
1301;193;238;217;land;false;plains;1
1302;225;105;209;land;true;plains;1
1303;246;223;134;land;false;plains;1
1304;113;219;199;land;false;plains;1
1305;98;194;254;land;false;plains;1
1306;148;208;189;land;true;plains;1
1307;146;214;166;land;false;plains;1
1308;212;154;152;land;true;plains;1
1309;212;248;145;land;false;plains;1
1310;216;193;150;land;true;plains;1
1311;205;232;149;land;false;plains;1
1312;182;184;141;land;false;plains;1
1313;118;250;238;land;false;plains;1
1314;174;251;205;land;false;plains;1
1315;192;249;172;land;false;plains;1
1316;220;73;244;land;false;plains;1
1317;198;74;236;land;false;plains;1
1318;173;129;250;land;false;plains;1
1319;63;241;246;land;false;plains;1
1320;220;89;249;land;true;plains;1
1321;205;254;191;land;false;plains;1
1322;248;191;228;land;false;plains;1
1323;235;223;129;land;false;plains;1
1324;145;190;195;land;true;plains;1
1325;237;223;238;land;false;plains;1
1326;197;180;145;land;false;plains;1
1327;207;147;171;land;false;plains;1
1328;91;252;231;land;false;plains;1
1329;228;127;219;land;false;plains;1
1330;210;167;133;land;true;plains;1
1331;206;175;226;land;false;plains;1
1332;240;189;220;land;false;plains;1
1333;166;203;223;land;false;plains;1
1334;250;33;248;land;false;plains;1
1335;233;213;76;land;false;plains;1
1336;239;240;186;land;false;plains;1
1337;167;165;199;land;true;plains;1
1338;235;146;237;land;true;plains;1
1339;164;253;134;land;true;plains;1
1340;251;200;94;land;false;plains;1
1341;239;173;143;land;true;plains;1
1342;140;217;155;land;true;plains;1
1343;249;198;226;land;true;plains;1
1344;215;239;159;land;false;plains;1
1345;139;254;162;land;false;plains;1
1346;228;64;209;land;true;plains;1
1347;251;246;112;land;false;plains;1
1348;128;228;249;land;false;plains;1
1349;233;135;185;land;true;plains;1
1350;251;189;169;land;false;plains;1
1351;231;140;215;land;false;plains;1
1352;220;237;144;land;false;plains;1
1353;189;233;134;land;false;plains;1
1354;252;57;229;land;true;plains;1
1355;209;129;223;land;true;plains;1
1356;180;181;146;land;false;plains;1
1357;231;100;251;land;true;plains;1
1358;213;90;203;land;false;plains;1
1359;215;252;210;land;false;plains;1
1360;224;109;241;land;true;plains;1
1361;140;240;229;land;false;plains;1
1362;166;243;125;land;true;plains;1
1363;188;168;221;land;false;plains;1
1364;174;229;142;land;false;plains;1
1365;226;51;251;land;true;plains;1
1366;156;216;243;land;false;plains;1
1367;247;227;189;land;false;plains;1
1368;241;164;189;land;false;plains;1
1369;130;150;243;land;false;plains;1
1370;252;66;193;land;false;plains;1
1371;161;175;245;land;false;plains;1
1372;109;233;221;land;false;plains;1
1373;241;50;242;land;false;plains;1
1374;86;190;233;land;false;plains;1
1375;148;236;250;land;false;plains;1
1376;224;243;141;land;false;plains;1
1377;93;213;242;land;false;plains;1
1378;244;100;158;land;false;plains;1
1379;172;241;98;land;false;plains;1
1380;216;74;223;land;false;plains;1
1381;186;158;182;land;false;plains;1
1382;187;123;227;land;true;plains;1
1383;243;139;227;land;false;plains;1
1384;131;210;204;land;false;plains;1
1385;233;150;180;land;true;plains;1
1386;164;116;243;land;false;plains;1
1387;231;179;106;land;false;plains;1
1388;168;208;205;land;false;plains;1
1389;202;216;242;land;true;plains;1
1390;242;140;142;land;false;plains;1
1391;179;215;240;land;false;plains;1
1392;216;67;251;land;false;plains;1
1393;192;208;225;land;false;plains;1
1394;187;172;194;land;false;plains;1
1395;161;203;237;land;true;plains;1
1396;231;100;248;land;false;plains;1
1397;194;177;130;land;true;plains;1
1398;223;134;210;land;false;plains;1
1399;174;158;210;land;true;plains;1
1400;226;63;241;land;false;plains;1
1401;113;180;226;land;true;plains;1
1402;221;236;234;land;false;plains;1
1403;90;208;225;land;false;plains;1
1404;218;121;209;land;false;plains;1
1405;245;251;158;land;false;plains;1
1406;112;222;216;land;false;plains;1
1407;231;187;185;land;false;plains;1
1408;193;134;196;land;true;plains;1
1409;228;224;86;land;false;plains;1
1410;222;214;252;land;false;plains;1
1411;108;243;178;land;true;plains;1
1412;168;249;247;land;true;plains;1
1413;165;226;134;land;false;plains;1
1414;181;149;224;land;false;plains;1
1415;155;225;136;land;false;plains;1
1416;208;152;202;land;false;plains;1
1417;241;231;170;land;true;plains;1
1418;173;234;161;land;false;plains;1
1419;199;171;163;land;false;plains;1
1420;233;159;217;land;false;plains;1
1421;244;138;119;land;false;plains;1
1422;51;234;234;land;true;plains;1
1423;11;248;242;land;true;plains;1
1424;247;141;204;land;false;plains;1
1425;244;70;199;land;false;plains;1
1426;246;59;197;land;true;plains;1
1427;205;215;242;land;false;plains;1
1428;207;197;117;land;true;plains;1
1429;222;179;110;land;false;plains;1
1430;191;185;169;land;false;plains;1
1431;235;86;216;land;false;plains;1
1432;153;141;231;land;false;plains;1
1433;180;239;210;land;false;plains;1
1434;110;228;234;land;false;plains;1
1435;211;191;144;land;true;plains;1
1436;200;226;206;land;true;plains;1
1437;245;250;163;land;false;plains;1
1438;105;232;180;land;true;plains;1
1439;218;245;165;land;false;plains;1
1440;234;184;217;land;true;plains;1
1441;209;165;251;land;false;plains;1
1442;166;133;241;land;false;plains;1
1443;227;115;203;land;false;plains;1
1444;223;224;58;land;false;plains;1
1445;215;171;206;land;false;plains;1
1446;250;165;141;land;false;plains;1
1447;158;218;247;land;true;plains;1
1448;227;211;165;land;false;plains;1
1449;239;241;114;land;false;plains;1
1450;95;202;204;land;false;plains;1
1451;218;227;199;land;false;plains;1
1452;64;253;233;land;false;plains;1
1453;140;221;191;land;false;plains;1
1454;236;209;114;land;false;plains;1
1455;214;174;136;land;false;plains;1
1456;95;247;200;land;false;plains;1
1457;138;234;245;land;false;plains;1
1458;210;252;215;land;true;plains;1
1459;222;157;234;land;true;plains;1
1460;185;150;232;land;true;plains;1
1461;126;214;170;land;false;plains;1
1462;246;127;222;land;false;plains;1
1463;220;160;163;land;false;plains;1
1464;174;233;234;land;false;plains;1
1465;203;196;168;land;false;plains;1
1466;95;253;209;land;false;plains;1
1467;172;211;151;land;false;plains;1
1468;236;198;164;land;false;plains;1
1469;226;164;147;land;false;plains;1
1470;231;73;208;land;true;plains;1
1471;128;228;197;land;false;plains;1
1472;214;109;201;land;false;plains;1
1473;204;177;233;land;false;plains;1
1474;64;239;219;land;false;plains;1
1475;108;155;246;land;false;plains;1
1476;221;158;128;land;false;plains;1
1477;238;225;111;land;false;plains;1
1478;145;240;121;land;true;plains;1
1479;116;223;220;land;false;plains;1
1480;157;135;242;land;true;plains;1
1481;174;248;150;land;true;plains;1
1482;189;162;161;land;false;plains;1
1483;251;160;140;land;true;plains;1
1484;172;98;235;land;true;plains;1
1485;193;224;194;land;false;plains;1
1486;152;250;197;land;true;plains;1
1487;221;127;250;land;false;plains;1
1488;223;234;240;land;false;plains;1
1489;171;169;175;land;false;plains;1
1490;170;232;238;land;false;plains;1
1491;249;246;169;land;true;plains;1
1492;229;199;239;land;false;plains;1
1493;218;252;135;land;false;plains;1
1494;187;219;130;land;false;plains;1
1495;206;128;191;land;false;plains;1
1496;241;114;161;land;true;plains;1
1497;203;221;154;land;false;plains;1
1498;252;238;235;land;false;plains;1
1499;253;193;76;land;false;plains;1
1500;206;75;250;land;true;plains;1
1501;247;143;240;land;false;plains;1
1502;243;157;209;land;true;plains;1
1503;100;219;184;land;false;plains;1
1504;184;197;141;land;false;plains;1
1505;182;237;95;land;true;plains;1
1506;161;191;163;land;false;plains;1
1507;190;175;170;land;false;plains;1
1508;173;166;223;land;false;plains;1
1509;249;184;179;land;true;plains;1
1510;200;83;244;land;false;plains;1
1511;217;149;216;land;true;plains;1
1512;209;196;243;land;false;plains;1
1513;237;125;155;land;false;plains;1
1514;203;120;218;land;false;plains;1
1515;108;253;227;land;false;plains;1
1516;188;232;226;land;true;plains;1
1517;230;86;219;land;false;plains;1
1518;208;187;116;land;false;plains;1
1519;217;109;234;land;false;plains;1
1520;174;208;238;land;false;plains;1
1521;233;72;203;land;false;plains;1
1522;212;214;184;land;false;plains;1
1523;234;236;116;land;true;plains;1
1524;206;186;246;land;false;plains;1
1525;80;232;254;land;false;plains;1
1526;105;226;238;land;false;plains;1
1527;214;129;225;land;false;plains;1
1528;215;228;185;land;false;plains;1
1529;130;227;220;land;false;plains;1
1530;209;90;217;land;true;plains;1
1531;199;149;236;land;false;plains;1
1532;231;204;115;land;true;plains;1
1533;110;225;207;land;false;plains;1
1534;192;247;64;land;true;plains;1
1535;206;193;219;land;true;plains;1
1536;95;224;238;land;true;plains;1
1537;186;239;182;land;false;plains;1
1538;182;201;171;land;true;plains;1
1539;205;95;235;land;false;plains;1
1540;116;237;160;land;true;plains;1
1541;241;75;222;land;false;plains;1
1542;36;237;254;land;false;plains;1
1543;233;251;184;land;false;plains;1
1544;234;233;174;land;false;plains;1
1545;195;250;192;land;true;plains;1
1546;245;244;231;land;true;plains;1
1547;195;142;177;land;true;plains;1
1548;247;201;93;land;true;plains;1
1549;173;201;190;land;false;plains;1
1550;235;165;123;land;false;plains;1
1551;226;142;235;land;false;plains;1
1552;98;254;200;land;false;plains;1
1553;232;239;231;land;true;plains;1
1554;88;243;195;land;false;plains;1
1555;217;125;216;land;true;plains;1
1556;100;246;186;land;false;plains;1
1557;248;214;216;land;false;plains;1
1558;164;242;132;land;true;plains;1
1559;228;95;236;land;false;plains;1
1560;115;250;175;land;false;plains;1
1561;238;185;220;land;false;plains;1
1562;246;169;157;land;false;plains;1
1563;245;86;240;land;false;plains;1
1564;187;149;242;land;true;plains;1
1565;165;240;252;land;false;plains;1
1566;250;218;68;land;false;plains;1
1567;218;223;88;land;false;plains;1
1568;240;156;196;land;false;plains;1
1569;174;246;249;land;true;plains;1
1570;140;230;232;land;false;plains;1
1571;223;247;246;land;false;plains;1
1572;211;161;188;land;false;plains;1
1573;225;168;142;land;false;plains;1
1574;202;118;224;land;false;plains;1
1575;207;158;192;land;true;plains;1
1576;125;182;212;land;true;plains;1
1577;38;232;240;land;false;plains;1
1578;101;235;213;land;false;plains;1
1579;245;146;179;land;false;plains;1
1580;239;134;220;land;false;plains;1
1581;248;91;181;land;false;plains;1
1582;152;236;231;land;false;plains;1
1583;242;145;160;land;false;plains;1
1584;253;236;159;land;true;plains;1
1585;72;248;253;land;false;plains;1
1586;233;152;246;land;false;plains;1
1587;192;142;228;land;false;plains;1
1588;222;224;101;land;false;plains;1
1589;108;205;242;land;false;plains;1
1590;224;79;211;land;false;plains;1
1591;196;108;217;land;false;plains;1
1592;219;60;233;land;false;plains;1
1593;207;206;225;land;false;plains;1
1594;118;238;180;land;false;plains;1
1595;204;232;246;land;true;plains;1
1596;233;220;192;land;false;plains;1
1597;162;146;212;land;false;plains;1
1598;244;173;248;land;false;plains;1
1599;204;152;218;land;false;plains;1
1600;164;196;145;land;false;plains;1
1601;208;163;219;land;false;plains;1
1602;180;134;230;land;false;plains;1
1603;233;121;196;land;true;plains;1
1604;222;119;187;land;false;plains;1
1605;217;173;149;land;false;plains;1
1606;241;249;50;land;false;plains;1
1607;172;146;206;land;false;plains;1
1608;175;137;224;land;false;plains;1
1609;93;223;246;land;true;plains;1
1610;221;220;221;land;true;plains;1
1611;199;252;86;land;false;plains;1
1612;148;251;219;land;false;plains;1
1613;99;197;238;land;false;plains;1
1614;193;192;130;land;false;plains;1
1615;126;208;253;land;false;plains;1
1616;187;236;121;land;false;plains;1
1617;161;182;242;land;false;plains;1
1618;165;254;220;land;false;plains;1
1619;245;237;92;land;true;plains;1
1620;237;197;139;land;false;plains;1
1621;154;221;185;land;false;plains;1
1622;153;182;172;land;false;plains;1
1623;223;147;171;land;false;plains;1
1624;251;33;228;land;true;plains;1
1625;253;225;40;land;false;plains;1
1626;158;190;203;land;false;plains;1
1627;149;203;206;land;true;plains;1
1628;169;189;248;land;false;plains;1
1629;204;187;111;land;false;plains;1
1630;65;246;247;land;false;plains;1
1631;202;231;215;land;true;plains;1
1632;190;157;198;land;true;plains;1
1633;167;239;241;land;false;plains;1
1634;159;143;212;land;false;plains;1
1635;69;227;220;land;true;plains;1
1636;254;95;205;land;true;plains;1
1637;113;243;221;land;false;plains;1
1638;194;241;240;land;false;plains;1
1639;134;171;200;land;true;plains;1
1640;48;251;235;land;false;plains;1
1641;250;225;81;land;true;plains;1
1642;166;143;242;land;false;plains;1
1643;192;146;189;land;true;plains;1
1644;183;187;219;land;true;plains;1
1645;51;233;225;land;false;plains;1
1646;228;108;245;land;false;plains;1
1647;239;114;219;land;true;plains;1
1648;132;191;235;land;true;plains;1
1649;142;243;232;land;false;plains;1
1650;95;248;164;land;true;plains;1
1651;202;135;204;land;true;plains;1
1652;216;143;158;land;false;plains;1
1653;180;189;241;land;false;plains;1
1654;179;225;120;land;false;plains;1
1655;254;185;210;land;false;plains;1
1656;224;211;223;land;true;plains;1
1657;241;232;28;land;true;plains;1
1658;142;153;250;land;false;plains;1
1659;184;201;233;land;false;plains;1
1660;250;86;191;land;false;plains;1
1661;248;68;230;land;false;plains;1
1662;247;213;108;land;true;plains;1
1663;228;241;63;land;false;plains;1
1664;141;235;129;land;false;plains;1
1665;231;216;130;land;false;plains;1
1666;238;114;184;land;true;plains;1
1667;187;235;238;land;false;plains;1
1668;214;251;166;land;false;plains;1
1669;243;189;248;land;false;plains;1
1670;206;139;203;land;true;plains;1
1671;208;242;241;land;false;plains;1
1672;188;182;147;land;true;plains;1
1673;202;188;117;land;false;plains;1
1674;169;168;244;land;false;plains;1
1675;227;148;197;land;false;plains;1
1676;223;218;97;land;true;plains;1
1677;142;141;225;land;true;plains;1
1678;208;203;237;land;true;plains;1
1679;199;233;95;land;false;plains;1
1680;247;117;251;land;true;plains;1
1681;175;239;165;land;true;plains;1
1682;117;173;227;land;false;plains;1
1683;204;179;126;land;true;plains;1
1684;174;192;244;land;false;plains;1
1685;249;243;219;land;true;plains;1
1686;191;230;246;land;false;plains;1
1687;127;223;193;land;false;plains;1
1688;51;251;229;land;false;plains;1
1689;186;220;231;land;false;plains;1
1690;232;139;247;land;false;plains;1
1691;193;188;152;land;true;plains;1
1692;206;150;220;land;false;plains;1
1693;238;242;152;land;false;plains;1
1694;162;241;178;land;false;plains;1
1695;177;161;178;land;false;plains;1
1696;253;252;159;land;false;plains;1
1697;111;202;193;land;false;plains;1
1698;203;124;236;land;false;plains;1
1699;130;219;240;land;true;plains;1
1700;190;235;159;land;true;plains;1
1701;135;224;241;land;false;plains;1
1702;182;169;225;land;false;plains;1
1703;215;172;199;land;false;plains;1
1704;206;169;215;land;false;plains;1
1705;218;160;221;land;false;plains;1
1706;157;152;251;land;false;plains;1
1707;235;127;204;land;false;plains;1
1708;147;202;156;land;false;plains;1
1709;230;213;69;land;false;plains;1
1710;227;165;149;land;false;plains;1
1711;213;215;132;land;false;plains;1
1712;235;254;140;land;true;plains;1
1713;220;222;195;land;true;plains;1
1714;112;244;175;land;true;plains;1
1715;214;240;143;land;true;plains;1
1716;170;100;248;land;true;plains;1
1717;164;181;238;land;true;plains;1
1718;155;179;184;land;true;plains;1
1719;203;110;234;land;true;plains;1
1720;194;182;183;land;true;plains;1
1721;138;172;206;land;true;plains;1
1722;182;182;220;land;true;plains;1
1723;204;230;205;land;true;plains;1
1724;230;231;145;land;true;plains;1
1725;180;248;248;land;true;plains;1
1726;245;153;254;land;true;plains;1
1727;141;223;190;land;true;plains;1
1728;222;245;155;land;true;plains;1
1729;166;254;197;land;true;plains;1
1730;202;162;164;land;true;plains;1
1731;212;227;230;land;true;plains;1
1732;224;220;134;land;true;plains;1
1733;160;230;236;land;true;plains;1
1734;216;49;241;land;true;plains;1
1735;226;124;221;land;true;plains;1
1736;239;145;181;land;true;plains;1
1737;120;195;244;land;true;plains;1
1738;204;232;143;land;true;plains;1
1739;245;196;107;land;true;plains;1
1740;213;195;220;land;true;plains;1
1741;242;111;177;land;true;plains;1
1742;176;207;180;land;true;plains;1
1743;24;3;67;sea;true;ocean;0
1744;13;48;26;sea;true;ocean;0
1745;34;6;44;sea;true;ocean;0
1746;12;66;7;sea;false;ocean;0
1747;31;42;21;sea;true;ocean;0
1748;12;39;37;sea;false;ocean;0
1749;23;6;9;sea;false;ocean;0
1750;36;42;7;sea;false;ocean;0
1751;6;10;52;sea;true;ocean;0
1752;73;2;8;sea;false;ocean;0
1753;35;46;18;sea;true;ocean;0
1754;0;3;15;sea;false;ocean;0
1755;24;66;1;sea;true;ocean;0
1756;11;0;6;sea;false;ocean;0
1757;11;5;14;sea;true;ocean;0
1758;23;50;10;sea;false;ocean;0
1759;18;70;4;sea;false;ocean;0
1760;33;40;25;sea;false;ocean;0
1761;51;26;10;sea;true;ocean;0
1762;42;32;13;sea;false;ocean;0
1763;18;16;18;sea;true;ocean;0
1764;12;9;71;sea;false;ocean;0
1765;21;25;38;sea;false;ocean;0
1766;6;45;7;sea;false;ocean;0
1767;13;8;78;sea;false;ocean;0
1768;5;44;37;sea;true;ocean;0
1769;15;0;31;sea;true;ocean;0
1770;70;27;2;sea;false;ocean;0
1771;8;7;55;sea;false;ocean;0
1772;36;9;41;sea;false;ocean;0
1773;8;2;80;sea;true;ocean;0
1774;21;10;11;sea;false;ocean;0
1775;35;41;22;sea;false;ocean;0
1776;16;58;3;sea;false;ocean;0
1777;4;34;29;sea;false;ocean;0
1778;6;43;32;sea;false;ocean;0
1779;11;45;41;sea;false;ocean;0
1780;6;0;25;sea;false;ocean;0
1781;59;0;21;sea;false;ocean;0
1782;8;42;27;sea;true;ocean;0
1783;25;23;11;sea;false;ocean;0
1784;20;6;62;sea;true;ocean;0
1785;5;13;54;sea;true;ocean;0
1786;46;34;3;sea;false;ocean;0
1787;2;32;63;sea;true;ocean;0
1788;53;18;13;sea;false;ocean;0
1789;5;22;26;sea;false;ocean;0
1790;27;33;32;sea;false;ocean;0
1791;24;18;2;sea;false;ocean;0
1792;8;65;17;sea;true;ocean;0
1793;3;2;79;sea;false;ocean;0
1794;43;39;8;sea;true;ocean;0
1795;6;48;1;sea;true;ocean;0
1796;55;21;17;sea;false;ocean;0
1797;36;42;20;sea;true;ocean;0
1798;25;8;27;sea;false;ocean;0
1799;12;27;2;sea;false;ocean;0
1800;15;70;14;sea;true;ocean;0
1801;16;3;5;sea;false;ocean;0
1802;4;62;5;sea;true;ocean;0
1803;30;2;66;sea;false;ocean;0
1804;12;7;79;sea;false;ocean;0
1805;11;31;36;sea;true;ocean;0
1806;7;39;9;sea;true;ocean;0
1807;2;26;29;sea;false;ocean;0
1808;50;4;32;sea;true;ocean;0
1809;13;45;33;sea;false;ocean;0
1810;17;14;11;sea;false;ocean;0
1811;44;25;30;sea;false;ocean;0
1812;47;8;4;sea;false;ocean;0
1813;11;24;34;sea;true;ocean;0
1814;44;26;19;sea;false;ocean;0
1815;0;28;6;sea;false;ocean;0
1816;10;69;3;sea;true;ocean;0
1817;12;39;10;sea;true;ocean;0
1818;19;13;43;sea;false;ocean;0
1819;30;28;5;sea;false;ocean;0
1820;2;77;9;sea;false;ocean;0
1821;19;3;22;sea;false;ocean;0
1822;27;16;52;sea;false;ocean;0
1823;18;71;5;sea;false;ocean;0
1824;76;19;3;sea;false;ocean;0
1825;5;37;25;sea;true;ocean;0
1826;23;18;12;sea;true;ocean;0
1827;53;8;26;sea;true;ocean;0
1828;62;26;3;sea;false;ocean;0
1829;28;2;17;sea;true;ocean;0
1830;29;18;5;sea;false;ocean;0
1831;8;18;20;sea;false;ocean;0
1832;36;10;47;sea;false;ocean;0
1833;7;89;0;sea;false;ocean;0
1834;31;1;2;sea;true;ocean;0
1835;13;28;18;sea;true;ocean;0
1836;17;57;25;sea;true;ocean;0
1837;6;4;80;sea;true;ocean;0
1838;6;6;70;sea;true;ocean;0
1839;4;28;8;sea;false;ocean;0
1840;47;7;27;sea;true;ocean;0
1841;16;30;48;sea;false;ocean;0
1842;24;0;74;sea;true;ocean;0
1843;68;6;22;sea;false;ocean;0
1844;29;5;37;sea;false;ocean;0
1845;19;55;7;sea;false;ocean;0
1846;40;12;27;sea;true;ocean;0
1847;13;35;47;sea;true;ocean;0
1848;25;39;15;sea;true;ocean;0
1849;0;3;47;sea;true;ocean;0
1850;11;62;15;sea;true;ocean;0
1851;42;14;0;sea;false;ocean;0
1852;55;11;12;sea;true;ocean;0
1853;29;30;35;sea;true;ocean;0
1854;4;9;68;sea;true;ocean;0
1855;33;6;55;sea;false;ocean;0
1856;36;11;6;sea;true;ocean;0
1857;57;6;14;sea;false;ocean;0
1858;24;20;29;sea;true;ocean;0
1859;12;61;2;sea;false;ocean;0
1860;22;23;20;sea;true;ocean;0
1861;19;22;43;sea;false;ocean;0
1862;3;28;41;sea;true;ocean;0
1863;12;63;24;sea;true;ocean;0
1864;21;14;14;sea;true;ocean;0
1865;12;3;71;sea;true;ocean;0
1866;51;25;7;sea;true;ocean;0
1867;18;4;25;sea;false;ocean;0
1868;5;30;17;sea;false;ocean;0
1869;2;48;33;sea;true;ocean;0
1870;58;17;16;sea;false;ocean;0
1871;4;0;54;sea;true;ocean;0
1872;1;22;51;sea;true;ocean;0
1873;4;26;33;sea;false;ocean;0
1874;39;30;20;sea;true;ocean;0
1875;6;26;43;sea;false;ocean;0
1876;37;21;35;sea;false;ocean;0
1877;17;41;1;sea;true;ocean;0
1878;3;52;12;sea;false;ocean;0
1879;47;34;11;sea;false;ocean;0
1880;15;17;24;sea;true;ocean;0
1881;14;33;6;sea;false;ocean;0
1882;26;23;41;sea;false;ocean;0
1883;0;10;36;sea;false;ocean;0
1884;29;50;18;sea;true;ocean;0
1885;34;16;31;sea;true;ocean;0
1886;38;37;1;sea;true;ocean;0
1887;30;17;43;sea;false;ocean;0
1888;35;25;3;sea;false;ocean;0
1889;7;36;26;sea;true;ocean;0
1890;13;26;12;sea;true;ocean;0
1891;32;25;17;sea;false;ocean;0
1892;10;16;54;sea;true;ocean;0
1893;25;6;33;sea;false;ocean;0
1894;30;12;35;sea;true;ocean;0
1895;27;4;17;sea;true;ocean;0
1896;53;3;30;sea;false;ocean;0
1897;22;47;14;sea;true;ocean;0
1898;15;12;5;sea;true;ocean;0
1899;6;50;42;sea;true;ocean;0
1900;58;23;15;sea;true;ocean;0
1901;74;6;0;sea;false;ocean;0
1902;54;9;4;sea;false;ocean;0
1903;30;35;34;sea;false;ocean;0
1904;55;32;1;sea;false;ocean;0
1905;39;36;20;sea;false;ocean;0
1906;3;36;26;sea;true;ocean;0
1907;26;25;2;sea;false;ocean;0
1908;47;9;26;sea;true;ocean;0
1909;38;30;14;sea;true;ocean;0
1910;5;62;0;sea;false;ocean;0
1911;80;7;2;sea;true;ocean;0
1912;38;3;53;sea;false;ocean;0
1913;21;46;1;sea;false;ocean;0
1914;42;34;23;sea;true;ocean;0
1915;24;3;59;sea;false;ocean;0
1916;11;24;27;sea;false;ocean;0
1917;41;4;18;sea;false;ocean;0
1918;1;80;2;sea;false;ocean;0
1919;34;18;2;sea;true;ocean;0
1920;4;46;40;sea;false;ocean;0
1921;57;28;14;sea;true;ocean;0
1922;30;1;30;sea;false;ocean;0
1923;38;22;36;sea;true;ocean;0
1924;13;37;17;sea;false;ocean;0
1925;31;21;0;sea;true;ocean;0
1926;3;11;24;sea;false;ocean;0
1927;31;44;12;sea;false;ocean;0
1928;12;56;3;sea;true;ocean;0
1929;7;34;27;sea;false;ocean;0
1930;68;21;3;sea;true;ocean;0
1931;34;10;43;sea;true;ocean;0
1932;15;20;19;sea;true;ocean;0
1933;10;26;24;sea;true;ocean;0
1934;29;41;0;sea;false;ocean;0
1935;20;11;43;sea;true;ocean;0
1936;47;21;1;sea;false;ocean;0
1937;45;17;28;sea;false;ocean;0
1938;23;41;26;sea;true;ocean;0
1939;9;36;16;sea;true;ocean;0
1940;24;15;32;sea;false;ocean;0
1941;53;28;5;sea;false;ocean;0
1942;9;37;22;sea;true;ocean;0
1943;38;41;11;sea;true;ocean;0
1944;2;17;37;sea;false;ocean;0
1945;56;12;4;sea;true;ocean;0
1946;37;15;37;sea;false;ocean;0
1947;33;37;21;sea;true;ocean;0
1948;2;41;44;sea;false;ocean;0
1949;3;86;10;sea;true;ocean;0
1950;60;6;10;sea;true;ocean;0
1951;19;17;38;sea;true;ocean;0
1952;14;30;8;sea;false;ocean;0
1953;9;43;4;sea;false;ocean;0
1954;3;6;39;sea;true;ocean;0
1955;19;25;6;sea;true;ocean;0
1956;3;9;23;sea;false;ocean;0
1957;20;49;25;sea;false;ocean;0
1958;61;8;1;sea;false;ocean;0
1959;45;21;33;sea;true;ocean;0
1960;26;26;45;sea;false;ocean;0
1961;2;1;24;sea;true;ocean;0
1962;1;70;7;sea;false;ocean;0
1963;46;20;15;sea;true;ocean;0
1964;54;20;1;sea;false;ocean;0
1965;10;46;24;sea;false;ocean;0
1966;25;21;53;sea;true;ocean;0
1967;32;47;13;sea;true;ocean;0
1968;42;33;22;sea;false;ocean;0
1969;21;52;8;sea;true;ocean;0
1970;37;17;39;sea;true;ocean;0
1971;49;7;41;sea;false;ocean;0
1972;7;11;28;sea;false;ocean;0
1973;7;27;25;sea;false;ocean;0
1974;38;3;46;sea;false;ocean;0
1975;9;19;11;sea;true;ocean;0
1976;13;77;4;sea;false;ocean;0
1977;6;8;1;sea;false;ocean;0
1978;37;1;40;sea;false;ocean;0
1979;2;27;40;sea;false;ocean;0
1980;46;32;6;sea;false;ocean;0
1981;18;47;20;sea;true;ocean;0
1982;44;11;9;sea;true;ocean;0
1983;18;0;31;sea;true;ocean;0
1984;47;8;42;sea;false;ocean;0
1985;47;5;15;sea;true;ocean;0
1986;19;57;13;sea;true;ocean;0
1987;17;63;6;sea;false;ocean;0
1988;5;43;7;sea;true;ocean;0
1989;66;2;31;sea;true;ocean;0
1990;51;20;5;sea;false;ocean;0
1991;33;56;10;sea;false;ocean;0
1992;24;17;50;sea;false;ocean;0
1993;6;22;56;sea;true;ocean;0
1994;15;79;5;sea;true;ocean;0
1995;14;26;46;sea;false;ocean;0
1996;17;25;26;sea;true;ocean;0
1997;41;2;43;sea;true;ocean;0
1998;30;16;52;sea;true;ocean;0
1999;91;8;0;sea;false;ocean;0
2000;32;6;19;sea;false;ocean;0
2001;31;29;8;sea;true;ocean;0
2002;31;60;5;sea;false;ocean;0
2003;42;35;3;sea;true;ocean;0
2004;23;47;0;sea;true;ocean;0
2005;8;0;13;sea;true;ocean;0
2006;67;8;7;sea;true;ocean;0
2007;15;10;68;sea;false;ocean;0
2008;37;9;40;sea;true;ocean;0
2009;2;33;30;sea;false;ocean;0
2010;46;10;41;sea;true;ocean;0
2011;48;19;1;sea;true;ocean;0
2012;23;67;0;sea;true;ocean;0
2013;12;31;24;sea;false;ocean;0
2014;7;47;37;sea;false;ocean;0
2015;31;46;9;sea;false;ocean;0
2016;3;33;61;sea;false;ocean;0
2017;14;13;61;sea;false;ocean;0
2018;36;3;25;sea;true;ocean;0
2019;5;22;39;sea;true;ocean;0
2020;6;53;22;sea;false;ocean;0
2021;11;6;27;sea;false;ocean;0
2022;20;17;29;sea;false;ocean;0
2023;9;4;28;sea;true;ocean;0
2024;27;25;12;sea;true;ocean;0
2025;19;10;20;sea;true;ocean;0
2026;29;6;27;sea;true;ocean;0
2027;36;10;39;sea;true;ocean;0
2028;32;12;52;sea;false;ocean;0
2029;10;45;14;sea;false;ocean;0
2030;36;9;44;sea;false;ocean;0
2031;20;0;76;sea;true;ocean;0
2032;52;10;31;sea;false;ocean;0
2033;12;55;28;sea;false;ocean;0
2034;21;32;33;sea;false;ocean;0
2035;21;21;20;sea;true;ocean;0
2036;47;17;27;sea;true;ocean;0
2037;19;52;5;sea;true;ocean;0
2038;54;22;5;sea;true;ocean;0
2039;17;58;20;sea;true;ocean;0
2040;34;61;3;sea;true;ocean;0
2041;43;6;23;sea;true;ocean;0
2042;8;56;22;sea;false;ocean;0
2043;16;29;30;sea;true;ocean;0
2044;73;10;3;sea;false;ocean;0
2045;19;37;0;sea;true;ocean;0
2046;8;5;9;sea;true;ocean;0
2047;5;40;41;sea;true;ocean;0
2048;7;77;6;sea;true;ocean;0
2049;24;13;41;sea;false;ocean;0
2050;45;35;3;sea;true;ocean;0
2051;2;55;11;sea;true;ocean;0
2052;21;63;2;sea;true;ocean;0
2053;24;1;43;sea;true;ocean;0
2054;43;36;2;sea;false;ocean;0
2055;13;20;27;sea;true;ocean;0
2056;1;39;14;sea;false;ocean;0
2057;2;26;22;sea;true;ocean;0
2058;17;20;37;sea;false;ocean;0
2059;45;3;26;sea;true;ocean;0
2060;17;23;46;sea;true;ocean;0
2061;33;5;16;sea;true;ocean;0
2062;19;52;11;sea;false;ocean;0
2063;6;33;18;sea;false;ocean;0
2064;2;17;27;sea;true;ocean;0
2065;50;33;7;sea;true;ocean;0
2066;8;19;68;sea;true;ocean;0
2067;5;5;54;sea;true;ocean;0
2068;16;61;2;sea;false;ocean;0
2069;33;37;26;sea;true;ocean;0
2070;68;5;4;sea;false;ocean;0
2071;3;0;25;sea;true;ocean;0
2072;47;47;4;sea;true;ocean;0
2073;24;14;40;sea;false;ocean;0
2074;43;19;1;sea;false;ocean;0
2075;51;17;2;sea;true;ocean;0
2076;11;5;79;sea;false;ocean;0
2077;5;62;27;sea;true;ocean;0
2078;3;9;50;sea;false;ocean;0
2079;44;28;24;sea;true;ocean;0
2080;32;13;48;sea;true;ocean;0
2081;10;85;2;sea;true;ocean;0
2082;13;0;75;sea;true;ocean;0
2083;52;7;31;sea;false;ocean;0
2084;10;1;10;sea;false;ocean;0
2085;27;2;61;sea;true;ocean;0
2086;40;7;24;sea;false;ocean;0
2087;10;38;26;sea;true;ocean;0
2088;25;16;9;sea;true;ocean;0
2089;43;5;31;sea;true;ocean;0
2090;26;14;1;sea;false;ocean;0
2091;33;33;32;sea;false;ocean;0
2092;11;27;7;sea;true;ocean;0
2093;22;27;11;sea;true;ocean;0
2094;25;43;19;sea;false;ocean;0
2095;44;1;8;sea;true;ocean;0
2096;14;23;39;sea;false;ocean;0
2097;43;20;34;sea;true;ocean;0
2098;34;9;49;sea;false;ocean;0
2099;64;10;0;sea;true;ocean;0
2100;42;47;8;sea;true;ocean;0
2101;37;3;6;sea;true;ocean;0
2102;16;4;34;sea;true;ocean;0
2103;26;51;1;sea;false;ocean;0
2104;18;46;23;sea;true;ocean;0
2105;20;7;36;sea;true;ocean;0
2106;67;12;5;sea;true;ocean;0
2107;23;9;53;sea;false;ocean;0
2108;18;41;34;sea;true;ocean;0
2109;6;34;51;sea;false;ocean;0
2110;32;44;5;sea;true;ocean;0
2111;12;2;40;sea;true;ocean;0
2112;1;42;41;sea;true;ocean;0
2113;39;7;51;sea;true;ocean;0
2114;21;49;26;sea;false;ocean;0
2115;22;12;17;sea;true;ocean;0
2116;47;19;1;sea;true;ocean;0
2117;8;40;24;sea;false;ocean;0
2118;48;27;7;sea;false;ocean;0
2119;39;53;4;sea;true;ocean;0
2120;0;28;20;sea;true;ocean;0
2121;10;12;4;sea;true;ocean;0
2122;26;16;39;sea;false;ocean;0
2123;23;13;6;sea;true;ocean;0
2124;33;16;6;sea;false;ocean;0
2125;0;29;61;sea;true;ocean;0
2126;76;3;3;sea;true;ocean;0
2127;4;29;11;sea;false;ocean;0
2128;12;8;78;sea;false;ocean;0
2129;40;15;13;sea;true;ocean;0
2130;14;7;23;sea;false;ocean;0
2131;16;4;71;sea;true;ocean;0
2132;38;3;55;sea;false;ocean;0
2133;54;19;23;sea;false;ocean;0
2134;6;7;52;sea;true;ocean;0
2135;6;70;13;sea;true;ocean;0
2136;18;10;17;sea;true;ocean;0
2137;6;17;26;sea;true;ocean;0
2138;32;18;21;sea;false;ocean;0
2139;16;28;23;sea;false;ocean;0
2140;6;20;13;sea;true;ocean;0
2141;76;4;6;sea;false;ocean;0
2142;28;30;39;sea;true;ocean;0
2143;5;56;31;sea;true;ocean;0
2144;51;12;29;sea;true;ocean;0
2145;27;14;23;sea;true;ocean;0
2146;61;13;7;sea;false;ocean;0
2147;14;22;34;sea;true;ocean;0
2148;7;0;26;sea;false;ocean;0
2149;13;6;15;sea;true;ocean;0
2150;3;56;29;sea;true;ocean;0
2151;44;4;45;sea;true;ocean;0
2152;25;25;1;sea;true;ocean;0
2153;32;19;41;sea;false;ocean;0
2154;3;39;6;sea;true;ocean;0
2155;12;53;10;sea;true;ocean;0
2156;3;59;1;sea;false;ocean;0
2157;4;44;48;sea;false;ocean;0
2158;8;15;63;sea;true;ocean;0
2159;22;74;2;sea;true;ocean;0
2160;23;13;52;sea;true;ocean;0
2161;1;6;8;sea;true;ocean;0
2162;7;30;46;sea;false;ocean;0
2163;35;7;43;sea;false;ocean;0
2164;3;21;42;sea;true;ocean;0
2165;49;8;2;sea;true;ocean;0
2166;15;8;52;sea;true;ocean;0
2167;8;37;2;sea;true;ocean;0
2168;21;1;48;sea;true;ocean;0
2169;14;3;34;sea;false;ocean;0
2170;17;11;3;sea;true;ocean;0
2171;17;27;17;sea;true;ocean;0
2172;76;3;8;sea;false;ocean;0
2173;12;46;27;sea;true;ocean;0
2174;7;6;9;sea;true;ocean;0
2175;47;39;12;sea;false;ocean;0
2176;55;27;6;sea;true;ocean;0
2177;0;49;35;sea;true;ocean;0
2178;27;38;2;sea;true;ocean;0
2179;8;23;38;sea;true;ocean;0
2180;49;29;13;sea;false;ocean;0
2181;28;7;4;sea;true;ocean;0
2182;23;30;6;sea;true;ocean;0
2183;33;31;7;sea;false;ocean;0
2184;22;42;18;sea;false;ocean;0
2185;65;11;14;sea;false;ocean;0
2186;12;46;18;sea;true;ocean;0
2187;12;46;25;sea;false;ocean;0
2188;34;33;15;sea;true;ocean;0
2189;65;17;2;sea;false;ocean;0
2190;22;2;18;sea;true;ocean;0
2191;30;5;27;sea;false;ocean;0
2192;22;16;16;sea;true;ocean;0
2193;36;13;11;sea;false;ocean;0
2194;14;4;22;sea;false;ocean;0
2195;28;19;50;sea;false;ocean;0
2196;59;21;1;sea;true;ocean;0
2197;4;31;35;sea;true;ocean;0
2198;44;3;16;sea;true;ocean;0
2199;20;6;67;sea;true;ocean;0
2200;12;40;3;sea;true;ocean;0
